- [基础](#%e5%9f%ba%e7%a1%80)
  - [1.1 安装](#11-%e5%ae%89%e8%a3%85)
    - [1.1.1 HomeBrew安装](#111-homebrew%e5%ae%89%e8%a3%85)
    - [1.1.2 docker安装](#112-docker%e5%ae%89%e8%a3%85)
  - [1.2 管理](#12-%e7%ae%a1%e7%90%86)
    - [1.2.1 用户设置](#121-%e7%94%a8%e6%88%b7%e8%ae%be%e7%bd%ae)
    - [1.2.2 管理MySQL的命令](#122-%e7%ae%a1%e7%90%86mysql%e7%9a%84%e5%91%bd%e4%bb%a4)
    - [1.2.3 连接](#123-%e8%bf%9e%e6%8e%a5)
  - [1.3 数据库操作](#13-%e6%95%b0%e6%8d%ae%e5%ba%93%e6%93%8d%e4%bd%9c)
    - [1.3.1 创建数据库](#131-%e5%88%9b%e5%bb%ba%e6%95%b0%e6%8d%ae%e5%ba%93)
    - [1.3.2 删除数据库](#132-%e5%88%a0%e9%99%a4%e6%95%b0%e6%8d%ae%e5%ba%93)
    - [1.3.3 创建数据表](#133-%e5%88%9b%e5%bb%ba%e6%95%b0%e6%8d%ae%e8%a1%a8)
    - [1.3.4 删除数据表](#134-%e5%88%a0%e9%99%a4%e6%95%b0%e6%8d%ae%e8%a1%a8)
    - [1.3.5 插入数据](#135-%e6%8f%92%e5%85%a5%e6%95%b0%e6%8d%ae)
    - [1.3.6 查询数据](#136-%e6%9f%a5%e8%af%a2%e6%95%b0%e6%8d%ae)
    - [1.3.7 where 子句](#137-where-%e5%ad%90%e5%8f%a5)
    - [1.3.8 更新数据库](#138-%e6%9b%b4%e6%96%b0%e6%95%b0%e6%8d%ae%e5%ba%93)
    - [1.3.9 删除记录](#139-%e5%88%a0%e9%99%a4%e8%ae%b0%e5%bd%95)
    - [1.3.10 LIKE 子句](#1310-like-%e5%ad%90%e5%8f%a5)
    - [1.3.11 排序](#1311-%e6%8e%92%e5%ba%8f)
    - [1.3.12 分组](#1312-%e5%88%86%e7%bb%84)
  - [1.4 MySQL 数据类型](#14-mysql-%e6%95%b0%e6%8d%ae%e7%b1%bb%e5%9e%8b)
  - [1.5 多表查询](#15-%e5%a4%9a%e8%a1%a8%e6%9f%a5%e8%af%a2)
    - [1.5.1 INNER JOIN](#151-inner-join)
    - [1.5.2 LEFT JOIN](#152-left-join)
    - [1.5.3 RIGHT JOIN](#153-right-join)
  - [1.6 NULL 值处理](#16-null-%e5%80%bc%e5%a4%84%e7%90%86)
  - [1.7 正则表达式](#17-%e6%ad%a3%e5%88%99%e8%a1%a8%e8%be%be%e5%bc%8f)
  - [1.8 ALTER](#18-alter)
    - [1.8.1 添加、删除字段](#181-%e6%b7%bb%e5%8a%a0%e5%88%a0%e9%99%a4%e5%ad%97%e6%ae%b5)
    - [1.8.2 修改字段类型及名称](#182-%e4%bf%ae%e6%94%b9%e5%ad%97%e6%ae%b5%e7%b1%bb%e5%9e%8b%e5%8f%8a%e5%90%8d%e7%a7%b0)

# 基础

数据库（Database）是按照数据结构来组织、存储和管理数据的仓库，每个数据库都有一个或多个不同的API用于创建，访问，管理，搜索和复制所保存的数据。

所谓的关系型数据库，是建立在关系模型基础上的数据库，借助于集合代数等数学概念和方法来处理数据库中的数据。

## 1.1 安装

[官网下载地址](http://www.mysql.com/downloads)

这里介绍几种其他安装方式

### 1.1.1 HomeBrew安装

    brew install mysql 

**验证安装**

    mysqladmin --version

linux上该命令将输出以下结果：

    mysqladmin  Ver 8.23 Distrib 5.0.9-0, for redhat-linux-gnu on i386

如果以上命令执行后未输入任何信息，说明你的MySQL未安装成功。

**启动**

- `sudo brew service start mysql` ：后台启动
- `sudo mysql.server start`：前台启动mysql(关闭控制台，服务停止)

**设置密码**

- `sudo mysql_secure_installation` ：设置密码

**连接**

    mysql -u root -p {pwd}

> 测试发现，brew安装很慢

### 1.1.2 docker安装

先运行容器

    docker run --name some-mysql -e MYSQL_ROOT_PASSWORD=123456 -d mysql:latest

查看容器运行

```bash
docker container ls
CONTAINER ID        IMAGE                 COMMAND                  CREATED             STATUS              PORTS                 NAMES
de58c162887b        mysql:latest          "docker-entrypoint..."   12 minutes ago      Up 12 minutes       3306/tcp, 33060/tcp   some-mysql
```

进入容器，操作数据库

```bash
docker exec -it some-mysql bash
mysql -u root -p
```

some-mysql 是容器名称

> 测试发现，很好用

## 1.2 管理

数据库默认有四张表

```bash
mysql> show databases;
+--------------------+
| Database           |
+--------------------+
| information_schema |
| mysql              |
| performance_schema |
| sys                |
+--------------------+
4 rows in set (0.17 sec)
```

- **information_schema**：提供了访问数据库元数据的方式，它保存着关于MySQL服务器所维护的所有其他数据库的信息
- **mysql**：Mysql的核心数据库，类似于sql server中的master表，主要负责存储数据库的用户、权限设置、关键字等mysql自己需要使用的控制和管理信息。(常用的，在mysql.user表中修改root用户的密码)
- **performance_schema**：主要用于收集数据库服务器性能参数。并且库里表的存储引擎均为PERFORMANCE_SCHEMA，而用户是不能创建存储引擎为PERFORMANCE_SCHEMA的表
- **sys**：Sys库所有的数据源来自performance_schema。目标是把performance_schema的把复杂度降低，让DBA能更好的阅读这个库里的内容。让DBA更快的了解DB的运行情况。 

### 1.2.1 用户设置

**添加新的用户**

允许本地IP访问localhost的Mysql数据库

```bash
mysql> create user 'editest'@'localhost' identified by 'editest123456';
Query OK, 0 rows affected (0.06 sec)
```

允许外网IP访问数据库editest，本命令包含上面的命令，是所有的IP都可以访问该数据库

```bash
mysql> create user 'editest'@'%' identified by 'editest123456';
Query OK, 0 rows affected (0.00 sec)
```

### 1.2.2 管理MySQL的命令

| 命令  | 含义  |
|---|---|
| `use [数据库名]`  | 选择要操作的MySQL数据库  |
| `show databases`  | 列出 MySQL 数据库管理系统的数据库列表  |
| `show tables`  | 显示指定数据库的所有表  |
| `show columns from [table]`  |  显示数据表的属性，属性类型，主键信息 ，是否为 NULL，默认值等其他信息 |
| `show index from [table]`  |  显示数据表的详细索引信息，包括PRIMARY KEY（主键） |
|  `show tables status like [table] \G` | 该命令将输出MySQL数据库管理系统的性能及统计信息，`\G`表示按列打印  |

### 1.2.3 连接

您可以使用MySQL二进制方式进入到MySQL命令提示符下来连接MySQL数据库。

    mysql -u root -p

退出MySQL

```bash
mysql> exit
Bye
```

也可以使用编程语言或者客户端工具，以后再介绍。

## 1.3 数据库操作

### 1.3.1 创建数据库

不需要进入数据库，使用mysqladmin

    mysqladmin -u root -p create [databases]

### 1.3.2 删除数据库

同理，使用mysqladmin，不需要进入数据库操作

```bash
root@043c12137915:/# mysqladmin -u root -p drop myDatabase
Enter password: 
Dropping the database is potentially a very bad thing to do.
Any data stored in the database will be destroyed.

Do you really want to drop the 'myDatabase' database [y/N] y
Database "myDatabase" dropped
```

### 1.3.3 创建数据表

    create table table_name (column_name column_type);

举例：

```sql
create table tutorials_tbl(
   tutorial_id INT NOT NULL AUTO_INCREMENT,
   tutorial_title VARCHAR(100) NOT NULL,
   tutorial_author VARCHAR(40) NOT NULL,
   submission_date DATE,
   PRIMARY KEY (tutorial_id)
);
```

`AUTO_INCREMENT` 定义列为自增的属性，一般用于主键，数值会自动加1。

`PRIMARY KEY` 关键字用于定义列为主键。

### 1.3.4 删除数据表

    drop table [table_name]

举例：

```sql
root@host# mysql -u root -p
Enter password:*******
mysql> use W3CSCHOOL;
Database changed
mysql> DROP TABLE w3cschool_tbl
Query OK, 0 rows affected (0.8 sec)
```

### 1.3.5 插入数据

    insert into [table_name] ([field1], [field2,...fieldN]) values ( [value1], [value2,...valueN]);

举例：

```sql
mysql> insert into tutorials (id, title, author, submission_date) values ('1', 'How to love', 'Ren Yangwei', '2019-09-22 16:08:30');
Query OK, 1 row affected, 1 warning (0.00 sec)
```

### 1.3.6 查询数据

语法：

```sql
SELECT column_name,column_name FROM [table_name] [WHERE Clause] [OFFSET M ][LIMIT N]
```

- 查询语句中你可以使用一个或者多个表，表之间使用逗号(,)分割，并使用WHERE语句来设定查询条件。
- SELECT 命令可以读取一条或者多条记录。
- 你可以使用星号（*）来代替其他字段，SELECT语句会返回表的所有字段数据
- 你可以使用 WHERE 语句来包含任何条件。
- 你可以通过OFFSET指定SELECT语句开始查询的数据偏移量。默认情况下偏移量为0。
- 你可以使用 LIMIT 属性来设定返回的记录数。

举例：

```sql
mysql> select * from tutorials;
+----+-------------+-------------+-----------------+
| id | title       | author      | submission_date |
+----+-------------+-------------+-----------------+
|  1 | How to love | Ren Yangwei | 2019-09-22      |
+----+-------------+-------------+-----------------+
1 row in set (0.00 sec)
```

### 1.3.7  where 子句

语法：

```sql
SELECT field1, field2,...fieldN FROM table_name1, table_name2...
[WHERE condition1 [AND [OR]] condition2.....
```

- 查询语句中你可以使用一个或者多个表，表之间使用逗号(,)分割，并使用WHERE语句来设定查询条件。
- 你可以在WHERE子句中指定任何条件。
- 你可以使用AND或者OR指定一个或多个条件。
- WHERE子句也可以运用于SQL的 DELETE 或者 UPDATE 命令。
- WHERE 子句类似于程序语言中的if条件，根据 MySQL 表中的字段值来读取指定的数据。

> 使用主键来作为 WHERE 子句的条件查询非常快速。

### 1.3.8 更新数据库

语法：

```sql
UPDATE table_name SET field1=new-value1, field2=new-value2
[WHERE Clause]
```

- 你可以同时更新一个或多个字段。
- 你可以在 WHERE 子句中指定任何条件。
- 你可以在一个单独表中同时更新数据。

举例：

```sql
mysql> update tutorials set author='Ren';
Query OK, 1 row affected (0.01 sec)
Rows matched: 1  Changed: 1  Warnings: 0
```

### 1.3.9 删除记录

语法：

```sql
DELETE FROM table_name [WHERE Clause]
```

- 如果没有指定 WHERE 子句，MySQL表中的所有记录将被删除。
- 你可以在 WHERE 子句中指定任何条件
- 您可以在单个表中一次性删除记录。

### 1.3.10 LIKE 子句

LIKE 子句中使用百分号(%)字符来表示任意字符，类似于UNIX或正则表达式中的星号 (*)。

如果没有使用百分号(%), LIKE 子句与等号（=）的效果是一样的。

```sql
SELECT field1, field2,...fieldN 
FROM table_name1, table_name2...
WHERE field1 LIKE condition1 [AND [OR]] filed2 = 'somevalue'
```

- 你可以在WHERE子句中指定任何条件。
- 你可以在WHERE子句中使用LIKE子句。
- 你可以使用LIKE子句代替等号(=)。
- LIKE 通常与 % 一同使用，类似于一个元字符的搜索。
- 你可以使用AND或者OR指定一个或多个条件。
- 你可以在 DELETE 或 UPDATE 命令中使用 WHERE...LIKE 子句来指定条件。

举例：

```sql
mysql> select * from tutorials where title like '%How%';
+----+----------------+-------------+-----------------+
| id | title          | author      | submission_date |
+----+----------------+-------------+-----------------+
|  1 | How to love    | Ren         | 2019-09-22      |
|  2 | How to give up | Ren Yangwei | 2019-09-21      |
+----+----------------+-------------+-----------------+
2 rows in set (0.00 sec)
```

### 1.3.11 排序

我们可以使用MySQL的 `ORDER BY` 子句来设定你想按哪个字段哪中方式来进行排序，再返回搜索结果。

语法：

```sql
SELECT field1, field2,...fieldN FROM table_name1, table_name2...
ORDER BY field1, [field2...] [ASC [DESC]]
```

- 你可以使用任何字段来作为排序的条件，从而返回排序后的查询结果。
- 你可以设定多个字段来排序。
- 你可以使用 ASC 或 DESC 关键字来设置查询结果是按升序或降序排列。 默认情况下，它是按升排列。
- 你可以添加 WHERE...LIKE 子句来设置条件。

举例：

```sql
mysql> select * from tutorials order by submission_date;
+----+----------------+-------------+-----------------+
| id | title          | author      | submission_date |
+----+----------------+-------------+-----------------+
|  2 | How to give up | Ren Yangwei | 2019-09-21      |
|  3 | Too hard       | Ren Yangwei | 2019-09-21      |
|  1 | How to love    | Ren         | 2019-09-22      |
+----+----------------+-------------+-----------------+
3 rows in set (0.00 sec)
```

### 1.3.12 分组

GROUP BY 语句根据一个或多个列对结果集进行分组。

在分组的列上我们可以使用 COUNT, SUM, AVG,等函数。

```sql
SELECT column_name, function(column_name)
FROM table_name
WHERE column_name operator value
GROUP BY column_name;
```

举例：查找名字出现的次数

```sql
mysql> select name, count(*) from employee_tbl group by name;
+----------+----------+
| name     | count(*) |
+----------+----------+
| xiaoming |        1 |
| Lily     |        1 |
| HuYa     |        1 |
| Cendy    |        2 |
| Bily     |        1 |
+----------+----------+
5 rows in set (0.00 sec)
```

**使用 WITH ROLLUP**

WITH ROLLUP 可以实现在分组统计数据基础上再进行相同的统计（SUM,AVG,COUNT…）。

例如我们将以上的数据表按名字进行分组，再统计每个人登录的次数：

```sql
mysql> SELECT name, SUM(singin) as singin_count FROM  employee_tbl GROUP BY name WITH ROLLUP;
+----------+--------------+
| name     | singin_count |
+----------+--------------+
| Bily     |            2 |
| Cendy    |            8 |
| HuYa     |            2 |
| Lily     |            3 |
| xiaoming |            1 |
| NULL     |           16 |
+----------+--------------+
6 rows in set (0.01 sec)
```

其中记录 NULL 表示所有人的登录次数。

## 1.4 MySQL 数据类型

MySQL支持多种类型，大致可以分为三类：**数值**、**日期/时间**和 **字符串(字符)** 类型。其中每种数据类型又有不同存储范围。

具体参考 [MySQL数据类型](https://www.w3cschool.cn/mysql/mysql-data-types.html)


## 1.5 多表查询

你可以在SELECT, UPDATE 和 DELETE 语句中使用 Mysql 的 JOIN 来联合多表查询。

JOIN 按照功能大致分为如下三类：

- **INNER JOIN（内连接,或等值连接）**：获取两个表中字段匹配关系的记录。
- **LEFT JOIN（左连接）**：获取左表所有记录，即使右表没有对应匹配的记录。
- **RIGHT JOIN（右连接）**： 与 LEFT JOIN 相反，用于获取右表所有记录，即使左表没有对应匹配的记录。

### 1.5.1 INNER JOIN

举例：

```sql
mysql> SELECT a.w3cschool_id, a.w3cschool_author, b.w3cschool_count FROM w3cschool_tbl a INNER JOIN tcount_tbl b ON a.w3cschool_author = b.w3cschool_author;
+-----------+---------------+--------------+
| w3cschool_id | w3cschool_author | w3cschool_count |
+-----------+---------------+--------------+
|         1 | John Poul     |            1 |
|         3 | Sanjay        |            1 |
+-----------+---------------+--------------+
2 rows in set (0.00 sec)
```

以上语句等价于：

```sql
mysql> SELECT a.w3cschool_id, a.w3cschool_author, b.w3cschool_count FROM w3cschool_tbl a, tcount_tbl b WHERE a.w3cschool_author = b.w3cschool_author;
```

### 1.5.2 LEFT JOIN

LEFT JOIN 会读取左边数据表的全部数据，即便右边表无对应数据。

```sql
mysql> SELECT a.w3cschool_id, a.w3cschool_author, b.w3cschool_count FROM w3cschool_tbl a LEFT JOIN tcount_tbl b ON a.w3cschool_author = b.w3cschool_author;
+-------------+-----------------+----------------+
| w3cschool_id | w3cschool_author | w3cschool_count |
+-------------+-----------------+----------------+
|           1 | John Poul       |              1 |
|           2 | Abdul S         |           NULL |
|           3 | Sanjay          |              1 |
+-------------+-----------------+----------------+
3 rows in set (0.02 sec)
```

### 1.5.3 RIGHT JOIN

RIGHT JOIN 会读取右边数据表的全部数据，即便左边边表无对应数据。

```sql
mysql> SELECT b.w3cschool_id, b.w3cschool_author, a.w3cschool_count FROM tcount_tbl a RIGHT JOIN w3cschool_tbl b ON a.w3cschool_author = b.w3cschool_author;
+-------------+-----------------+----------------+
| w3cschool_id | w3cschool_author | w3cschool_count |
+-------------+-----------------+----------------+
|           1 | John Poul       |              1 |
|           2 | Abdul S         |           NULL |
|           3 | Sanjay          |              1 |
+-------------+-----------------+----------------+
3 rows in set (0.02 sec)
```

## 1.6 NULL 值处理

MySQL提供了三大运算符:

- **IS NULL**: 当列的值是NULL,此运算符返回true。
- **IS NOT NULL**: 当列的值不为NULL, 运算符返回true。
- **<=>**: 比较操作符（不同于=运算符），当比较的的两个值为NULL时返回true。

本人觉得最好将列名设置成不可以是Null，然后设置一个默认值。

## 1.7 正则表达式

查找name字段中以元音字符开头或以'ok'字符串结尾的所有数据：

    mysql> SELECT name FROM person_tbl WHERE name REGEXP '^[aeiou]|ok$';

## 1.8 ALTER

当我们需要修改数据表名或者修改数据表字段时，就需要使用到MySQL ALTER命令。

### 1.8.1 添加、删除字段

语法：

    alter table [table_name] [add|drop] [column_name]

举例：

```sql
mysql> create database w3cshool;
Query OK, 1 row affected (0.02 sec)
mysql> use w3cshool;
Database changed
mysql> create table test_tbl(id int, name varchar(20));
Query OK, 0 rows affected (0.05 sec)

mysql> show columns from test_tbl;
+-------+-------------+------+-----+---------+-------+
| Field | Type        | Null | Key | Default | Extra |
+-------+-------------+------+-----+---------+-------+
| id    | int(11)     | YES  |     | NULL    |       |
| name  | varchar(20) | YES  |     | NULL    |       |
+-------+-------------+------+-----+---------+-------+
2 rows in set (0.01 sec)

mysql> alter table test_tbl drop name;
Query OK, 0 rows affected (0.02 sec)
Records: 0  Duplicates: 0  Warnings: 0

mysql> alter table test_tbl add name varchar(10);
Query OK, 0 rows affected (0.01 sec)
Records: 0  Duplicates: 0  Warnings: 0
```

> 如果数据表中只剩余一个字段则无法使用DROP来删除字段

### 1.8.2 修改字段类型及名称

在ALTER命令中使用 MODIFY 或 CHANGE 子句 。

